{
    "throttle": -0.1453488372093023,
    "yaw": 0.0,
    "pitch": -0.23255813953488372,
    "roll": -0.09302325581395349
}