{
    "throttle": 0.0,
    "yaw": -0.06395348837209303,
    "pitch": 0.0,
    "roll": 0.06976744186046513
}